X,Y,classe
0.0,0.0,1
0.0,0.5210526315789474,1
0.0,1.0421052631578949,1
0.0,1.5631578947368423,1
0.0,2.0842105263157897,1
0.0,2.605263157894737,1
0.0,3.1263157894736846,1
0.0,3.647368421052632,1
0.0,4.1684210526315795,1
0.0,4.689473684210527,1
0.0,5.210526315789474,1
0.0,5.731578947368422,1
0.0,6.252631578947369,1
0.0,6.773684210526317,1
0.0,7.294736842105264,1
0.0,7.8157894736842115,1
0.0,8.336842105263159,1
0.0,8.857894736842105,1
0.0,9.378947368421054,1
0.0,9.9,1
0.5210526315789474,0.0,1
0.5210526315789474,0.5210526315789474,1
0.5210526315789474,1.0421052631578949,1
0.5210526315789474,1.5631578947368423,1
0.5210526315789474,2.0842105263157897,1
0.5210526315789474,2.605263157894737,1
0.5210526315789474,3.1263157894736846,1
0.5210526315789474,3.647368421052632,1
0.5210526315789474,4.1684210526315795,1
0.5210526315789474,4.689473684210527,1
0.5210526315789474,5.210526315789474,1
0.5210526315789474,5.731578947368422,1
0.5210526315789474,6.252631578947369,1
0.5210526315789474,6.773684210526317,1
0.5210526315789474,7.294736842105264,1
0.5210526315789474,7.8157894736842115,1
0.5210526315789474,8.336842105263159,1
0.5210526315789474,8.857894736842105,1
0.5210526315789474,9.378947368421054,1
0.5210526315789474,9.9,1
1.0421052631578949,0.0,1
1.0421052631578949,0.5210526315789474,1
1.0421052631578949,1.0421052631578949,1
1.0421052631578949,1.5631578947368423,1
1.0421052631578949,2.0842105263157897,1
1.0421052631578949,2.605263157894737,1
1.0421052631578949,3.1263157894736846,1
1.0421052631578949,3.647368421052632,1
1.0421052631578949,4.1684210526315795,1
1.0421052631578949,4.689473684210527,1
1.0421052631578949,5.210526315789474,1
1.0421052631578949,5.731578947368422,1
1.0421052631578949,6.252631578947369,1
1.0421052631578949,6.773684210526317,1
1.0421052631578949,7.294736842105264,1
1.0421052631578949,7.8157894736842115,1
1.0421052631578949,8.336842105263159,1
1.0421052631578949,8.857894736842105,1
1.0421052631578949,9.378947368421054,1
1.0421052631578949,9.9,1
1.5631578947368423,0.0,1
1.5631578947368423,0.5210526315789474,1
1.5631578947368423,1.0421052631578949,1
1.5631578947368423,1.5631578947368423,1
1.5631578947368423,2.0842105263157897,1
1.5631578947368423,2.605263157894737,1
1.5631578947368423,3.1263157894736846,1
1.5631578947368423,3.647368421052632,1
1.5631578947368423,4.1684210526315795,1
1.5631578947368423,4.689473684210527,1
1.5631578947368423,5.210526315789474,1
1.5631578947368423,5.731578947368422,1
1.5631578947368423,6.252631578947369,1
1.5631578947368423,6.773684210526317,1
1.5631578947368423,7.294736842105264,1
1.5631578947368423,7.8157894736842115,1
1.5631578947368423,8.336842105263159,1
1.5631578947368423,8.857894736842105,1
1.5631578947368423,9.378947368421054,1
1.5631578947368423,9.9,1
2.0842105263157897,0.0,1
2.0842105263157897,0.5210526315789474,1
2.0842105263157897,1.0421052631578949,1
2.0842105263157897,1.5631578947368423,1
2.0842105263157897,2.0842105263157897,1
2.0842105263157897,2.605263157894737,1
2.0842105263157897,3.1263157894736846,1
2.0842105263157897,3.647368421052632,1
2.0842105263157897,4.1684210526315795,1
2.0842105263157897,4.689473684210527,1
2.0842105263157897,5.210526315789474,1
2.0842105263157897,5.731578947368422,1
2.0842105263157897,6.252631578947369,1
2.0842105263157897,6.773684210526317,1
2.0842105263157897,7.294736842105264,1
2.0842105263157897,7.8157894736842115,1
2.0842105263157897,8.336842105263159,1
2.0842105263157897,8.857894736842105,1
2.0842105263157897,9.378947368421054,1
2.0842105263157897,9.9,1
2.605263157894737,0.0,1
2.605263157894737,0.5210526315789474,1
2.605263157894737,1.0421052631578949,1
2.605263157894737,1.5631578947368423,1
2.605263157894737,2.0842105263157897,1
2.605263157894737,2.605263157894737,1
2.605263157894737,3.1263157894736846,1
2.605263157894737,3.647368421052632,1
2.605263157894737,4.1684210526315795,1
2.605263157894737,4.689473684210527,1
2.605263157894737,5.210526315789474,1
2.605263157894737,5.731578947368422,1
2.605263157894737,6.252631578947369,1
2.605263157894737,6.773684210526317,1
2.605263157894737,7.294736842105264,1
2.605263157894737,7.8157894736842115,1
2.605263157894737,8.336842105263159,1
2.605263157894737,8.857894736842105,1
2.605263157894737,9.378947368421054,1
2.605263157894737,9.9,1
3.1263157894736846,0.0,1
3.1263157894736846,0.5210526315789474,1
3.1263157894736846,1.0421052631578949,1
3.1263157894736846,1.5631578947368423,1
3.1263157894736846,2.0842105263157897,1
3.1263157894736846,2.605263157894737,1
3.1263157894736846,3.1263157894736846,1
3.1263157894736846,3.647368421052632,1
3.1263157894736846,4.1684210526315795,1
3.1263157894736846,4.689473684210527,1
3.1263157894736846,5.210526315789474,1
3.1263157894736846,5.731578947368422,1
3.1263157894736846,6.252631578947369,1
3.1263157894736846,6.773684210526317,1
3.1263157894736846,7.294736842105264,1
3.1263157894736846,7.8157894736842115,1
3.1263157894736846,8.336842105263159,1
3.1263157894736846,8.857894736842105,1
3.1263157894736846,9.378947368421054,1
3.1263157894736846,9.9,1
3.647368421052632,0.0,1
3.647368421052632,0.5210526315789474,1
3.647368421052632,1.0421052631578949,1
3.647368421052632,1.5631578947368423,1
3.647368421052632,2.0842105263157897,1
3.647368421052632,2.605263157894737,1
3.647368421052632,3.1263157894736846,1
3.647368421052632,3.647368421052632,1
3.647368421052632,4.1684210526315795,1
3.647368421052632,4.689473684210527,1
3.647368421052632,5.210526315789474,1
3.647368421052632,5.731578947368422,1
3.647368421052632,6.252631578947369,1
3.647368421052632,6.773684210526317,1
3.647368421052632,7.294736842105264,1
3.647368421052632,7.8157894736842115,1
3.647368421052632,8.336842105263159,1
3.647368421052632,8.857894736842105,1
3.647368421052632,9.378947368421054,1
3.647368421052632,9.9,1
4.1684210526315795,0.0,1
4.1684210526315795,0.5210526315789474,1
4.1684210526315795,1.0421052631578949,1
4.1684210526315795,1.5631578947368423,1
4.1684210526315795,2.0842105263157897,1
4.1684210526315795,2.605263157894737,1
4.1684210526315795,3.1263157894736846,1
4.1684210526315795,3.647368421052632,1
4.1684210526315795,4.1684210526315795,1
4.1684210526315795,4.689473684210527,1
4.1684210526315795,5.210526315789474,1
4.1684210526315795,5.731578947368422,1
4.1684210526315795,6.252631578947369,1
4.1684210526315795,6.773684210526317,1
4.1684210526315795,7.294736842105264,1
4.1684210526315795,7.8157894736842115,1
4.1684210526315795,8.336842105263159,1
4.1684210526315795,8.857894736842105,1
4.1684210526315795,9.378947368421054,1
4.1684210526315795,9.9,1
4.689473684210527,0.0,1
4.689473684210527,0.5210526315789474,1
4.689473684210527,1.0421052631578949,1
4.689473684210527,1.5631578947368423,1
4.689473684210527,2.0842105263157897,1
4.689473684210527,2.605263157894737,1
4.689473684210527,3.1263157894736846,1
4.689473684210527,3.647368421052632,1
4.689473684210527,4.1684210526315795,1
4.689473684210527,4.689473684210527,1
4.689473684210527,5.210526315789474,1
4.689473684210527,5.731578947368422,1
4.689473684210527,6.252631578947369,1
4.689473684210527,6.773684210526317,1
4.689473684210527,7.294736842105264,1
4.689473684210527,7.8157894736842115,1
4.689473684210527,8.336842105263159,1
4.689473684210527,8.857894736842105,1
4.689473684210527,9.378947368421054,1
4.689473684210527,9.9,1
5.210526315789474,0.0,1
5.210526315789474,0.5210526315789474,1
5.210526315789474,1.0421052631578949,1
5.210526315789474,1.5631578947368423,1
5.210526315789474,2.0842105263157897,1
5.210526315789474,2.605263157894737,1
5.210526315789474,3.1263157894736846,1
5.210526315789474,3.647368421052632,1
5.210526315789474,4.1684210526315795,1
5.210526315789474,4.689473684210527,1
5.210526315789474,5.210526315789474,1
5.210526315789474,5.731578947368422,1
5.210526315789474,6.252631578947369,1
5.210526315789474,6.773684210526317,1
5.210526315789474,7.294736842105264,1
5.210526315789474,7.8157894736842115,1
5.210526315789474,8.336842105263159,1
5.210526315789474,8.857894736842105,1
5.210526315789474,9.378947368421054,1
5.210526315789474,9.9,1
5.731578947368422,0.0,1
5.731578947368422,0.5210526315789474,1
5.731578947368422,1.0421052631578949,1
5.731578947368422,1.5631578947368423,1
5.731578947368422,2.0842105263157897,1
5.731578947368422,2.605263157894737,1
5.731578947368422,3.1263157894736846,1
5.731578947368422,3.647368421052632,1
5.731578947368422,4.1684210526315795,1
5.731578947368422,4.689473684210527,1
5.731578947368422,5.210526315789474,1
5.731578947368422,5.731578947368422,1
5.731578947368422,6.252631578947369,1
5.731578947368422,6.773684210526317,1
5.731578947368422,7.294736842105264,1
5.731578947368422,7.8157894736842115,1
5.731578947368422,8.336842105263159,1
5.731578947368422,8.857894736842105,1
5.731578947368422,9.378947368421054,1
5.731578947368422,9.9,1
6.252631578947369,0.0,1
6.252631578947369,0.5210526315789474,1
6.252631578947369,1.0421052631578949,1
6.252631578947369,1.5631578947368423,1
6.252631578947369,2.0842105263157897,1
6.252631578947369,2.605263157894737,1
6.252631578947369,3.1263157894736846,1
6.252631578947369,3.647368421052632,1
6.252631578947369,4.1684210526315795,1
6.252631578947369,4.689473684210527,1
6.252631578947369,5.210526315789474,1
6.252631578947369,5.731578947368422,1
6.252631578947369,6.252631578947369,1
6.252631578947369,6.773684210526317,1
6.252631578947369,7.294736842105264,1
6.252631578947369,7.8157894736842115,1
6.252631578947369,8.336842105263159,1
6.252631578947369,8.857894736842105,1
6.252631578947369,9.378947368421054,1
6.252631578947369,9.9,1
6.773684210526317,0.0,1
6.773684210526317,0.5210526315789474,1
6.773684210526317,1.0421052631578949,1
6.773684210526317,1.5631578947368423,1
6.773684210526317,2.0842105263157897,1
6.773684210526317,2.605263157894737,1
6.773684210526317,3.1263157894736846,1
6.773684210526317,3.647368421052632,1
6.773684210526317,4.1684210526315795,1
6.773684210526317,4.689473684210527,1
6.773684210526317,5.210526315789474,1
6.773684210526317,5.731578947368422,1
6.773684210526317,6.252631578947369,1
6.773684210526317,6.773684210526317,1
6.773684210526317,7.294736842105264,1
6.773684210526317,7.8157894736842115,1
6.773684210526317,8.336842105263159,1
6.773684210526317,8.857894736842105,1
6.773684210526317,9.378947368421054,1
6.773684210526317,9.9,1
7.294736842105264,0.0,1
7.294736842105264,0.5210526315789474,1
7.294736842105264,1.0421052631578949,1
7.294736842105264,1.5631578947368423,1
7.294736842105264,2.0842105263157897,1
7.294736842105264,2.605263157894737,1
7.294736842105264,3.1263157894736846,1
7.294736842105264,3.647368421052632,1
7.294736842105264,4.1684210526315795,1
7.294736842105264,4.689473684210527,1
7.294736842105264,5.210526315789474,1
7.294736842105264,5.731578947368422,1
7.294736842105264,6.252631578947369,1
7.294736842105264,6.773684210526317,1
7.294736842105264,7.294736842105264,1
7.294736842105264,7.8157894736842115,1
7.294736842105264,8.336842105263159,1
7.294736842105264,8.857894736842105,1
7.294736842105264,9.378947368421054,1
7.294736842105264,9.9,1
7.8157894736842115,0.0,1
7.8157894736842115,0.5210526315789474,1
7.8157894736842115,1.0421052631578949,1
7.8157894736842115,1.5631578947368423,1
7.8157894736842115,2.0842105263157897,1
7.8157894736842115,2.605263157894737,1
7.8157894736842115,3.1263157894736846,1
7.8157894736842115,3.647368421052632,1
7.8157894736842115,4.1684210526315795,1
7.8157894736842115,4.689473684210527,1
7.8157894736842115,5.210526315789474,1
7.8157894736842115,5.731578947368422,1
7.8157894736842115,6.252631578947369,1
7.8157894736842115,6.773684210526317,1
7.8157894736842115,7.294736842105264,1
7.8157894736842115,7.8157894736842115,1
7.8157894736842115,8.336842105263159,1
7.8157894736842115,8.857894736842105,1
7.8157894736842115,9.378947368421054,1
7.8157894736842115,9.9,1
8.336842105263159,0.0,1
8.336842105263159,0.5210526315789474,1
8.336842105263159,1.0421052631578949,1
8.336842105263159,1.5631578947368423,1
8.336842105263159,2.0842105263157897,1
8.336842105263159,2.605263157894737,1
8.336842105263159,3.1263157894736846,1
8.336842105263159,3.647368421052632,1
8.336842105263159,4.1684210526315795,1
8.336842105263159,4.689473684210527,1
8.336842105263159,5.210526315789474,1
8.336842105263159,5.731578947368422,1
8.336842105263159,6.252631578947369,1
8.336842105263159,6.773684210526317,1
8.336842105263159,7.294736842105264,1
8.336842105263159,7.8157894736842115,1
8.336842105263159,8.336842105263159,1
8.336842105263159,8.857894736842105,1
8.336842105263159,9.378947368421054,1
8.336842105263159,9.9,1
8.857894736842105,0.0,1
8.857894736842105,0.5210526315789474,1
8.857894736842105,1.0421052631578949,1
8.857894736842105,1.5631578947368423,1
8.857894736842105,2.0842105263157897,1
8.857894736842105,2.605263157894737,1
8.857894736842105,3.1263157894736846,1
8.857894736842105,3.647368421052632,1
8.857894736842105,4.1684210526315795,1
8.857894736842105,4.689473684210527,1
8.857894736842105,5.210526315789474,1
8.857894736842105,5.731578947368422,1
8.857894736842105,6.252631578947369,1
8.857894736842105,6.773684210526317,1
8.857894736842105,7.294736842105264,1
8.857894736842105,7.8157894736842115,1
8.857894736842105,8.336842105263159,1
8.857894736842105,8.857894736842105,1
8.857894736842105,9.378947368421054,1
8.857894736842105,9.9,1
9.378947368421054,0.0,1
9.378947368421054,0.5210526315789474,1
9.378947368421054,1.0421052631578949,1
9.378947368421054,1.5631578947368423,1
9.378947368421054,2.0842105263157897,1
9.378947368421054,2.605263157894737,1
9.378947368421054,3.1263157894736846,1
9.378947368421054,3.647368421052632,1
9.378947368421054,4.1684210526315795,1
9.378947368421054,4.689473684210527,1
9.378947368421054,5.210526315789474,1
9.378947368421054,5.731578947368422,1
9.378947368421054,6.252631578947369,1
9.378947368421054,6.773684210526317,1
9.378947368421054,7.294736842105264,1
9.378947368421054,7.8157894736842115,1
9.378947368421054,8.336842105263159,1
9.378947368421054,8.857894736842105,1
9.378947368421054,9.378947368421054,1
9.378947368421054,9.9,1
9.9,0.0,1
9.9,0.5210526315789474,1
9.9,1.0421052631578949,1
9.9,1.5631578947368423,1
9.9,2.0842105263157897,1
9.9,2.605263157894737,1
9.9,3.1263157894736846,1
9.9,3.647368421052632,1
9.9,4.1684210526315795,1
9.9,4.689473684210527,1
9.9,5.210526315789474,1
9.9,5.731578947368422,1
9.9,6.252631578947369,1
9.9,6.773684210526317,1
9.9,7.294736842105264,1
9.9,7.8157894736842115,1
9.9,8.336842105263159,1
9.9,8.857894736842105,1
9.9,9.378947368421054,1
9.9,9.9,1
0.0,10.1,2
0.0,10.621052631578948,2
0.0,11.142105263157895,2
0.0,11.663157894736841,2
0.0,12.18421052631579,2
0.0,12.705263157894738,2
0.0,13.226315789473684,2
0.0,13.74736842105263,2
0.0,14.26842105263158,2
0.0,14.789473684210527,2
0.0,15.310526315789474,2
0.0,15.83157894736842,2
0.0,16.352631578947367,2
0.0,16.873684210526317,2
0.0,17.394736842105264,2
0.0,17.91578947368421,2
0.0,18.43684210526316,2
0.0,18.957894736842107,2
0.0,19.478947368421053,2
0.0,20.0,2
0.5210526315789474,10.1,2
0.5210526315789474,10.621052631578948,2
0.5210526315789474,11.142105263157895,2
0.5210526315789474,11.663157894736841,2
0.5210526315789474,12.18421052631579,2
0.5210526315789474,12.705263157894738,2
0.5210526315789474,13.226315789473684,2
0.5210526315789474,13.74736842105263,2
0.5210526315789474,14.26842105263158,2
0.5210526315789474,14.789473684210527,2
0.5210526315789474,15.310526315789474,2
0.5210526315789474,15.83157894736842,2
0.5210526315789474,16.352631578947367,2
0.5210526315789474,16.873684210526317,2
0.5210526315789474,17.394736842105264,2
0.5210526315789474,17.91578947368421,2
0.5210526315789474,18.43684210526316,2
0.5210526315789474,18.957894736842107,2
0.5210526315789474,19.478947368421053,2
0.5210526315789474,20.0,2
1.0421052631578949,10.1,2
1.0421052631578949,10.621052631578948,2
1.0421052631578949,11.142105263157895,2
1.0421052631578949,11.663157894736841,2
1.0421052631578949,12.18421052631579,2
1.0421052631578949,12.705263157894738,2
1.0421052631578949,13.226315789473684,2
1.0421052631578949,13.74736842105263,2
1.0421052631578949,14.26842105263158,2
1.0421052631578949,14.789473684210527,2
1.0421052631578949,15.310526315789474,2
1.0421052631578949,15.83157894736842,2
1.0421052631578949,16.352631578947367,2
1.0421052631578949,16.873684210526317,2
1.0421052631578949,17.394736842105264,2
1.0421052631578949,17.91578947368421,2
1.0421052631578949,18.43684210526316,2
1.0421052631578949,18.957894736842107,2
1.0421052631578949,19.478947368421053,2
1.0421052631578949,20.0,2
1.5631578947368423,10.1,2
1.5631578947368423,10.621052631578948,2
1.5631578947368423,11.142105263157895,2
1.5631578947368423,11.663157894736841,2
1.5631578947368423,12.18421052631579,2
1.5631578947368423,12.705263157894738,2
1.5631578947368423,13.226315789473684,2
1.5631578947368423,13.74736842105263,2
1.5631578947368423,14.26842105263158,2
1.5631578947368423,14.789473684210527,2
1.5631578947368423,15.310526315789474,2
1.5631578947368423,15.83157894736842,2
1.5631578947368423,16.352631578947367,2
1.5631578947368423,16.873684210526317,2
1.5631578947368423,17.394736842105264,2
1.5631578947368423,17.91578947368421,2
1.5631578947368423,18.43684210526316,2
1.5631578947368423,18.957894736842107,2
1.5631578947368423,19.478947368421053,2
1.5631578947368423,20.0,2
2.0842105263157897,10.1,2
2.0842105263157897,10.621052631578948,2
2.0842105263157897,11.142105263157895,2
2.0842105263157897,11.663157894736841,2
2.0842105263157897,12.18421052631579,2
2.0842105263157897,12.705263157894738,2
2.0842105263157897,13.226315789473684,2
2.0842105263157897,13.74736842105263,2
2.0842105263157897,14.26842105263158,2
2.0842105263157897,14.789473684210527,2
2.0842105263157897,15.310526315789474,2
2.0842105263157897,15.83157894736842,2
2.0842105263157897,16.352631578947367,2
2.0842105263157897,16.873684210526317,2
2.0842105263157897,17.394736842105264,2
2.0842105263157897,17.91578947368421,2
2.0842105263157897,18.43684210526316,2
2.0842105263157897,18.957894736842107,2
2.0842105263157897,19.478947368421053,2
2.0842105263157897,20.0,2
2.605263157894737,10.1,2
2.605263157894737,10.621052631578948,2
2.605263157894737,11.142105263157895,2
2.605263157894737,11.663157894736841,2
2.605263157894737,12.18421052631579,2
2.605263157894737,12.705263157894738,2
2.605263157894737,13.226315789473684,2
2.605263157894737,13.74736842105263,2
2.605263157894737,14.26842105263158,2
2.605263157894737,14.789473684210527,2
2.605263157894737,15.310526315789474,2
2.605263157894737,15.83157894736842,2
2.605263157894737,16.352631578947367,2
2.605263157894737,16.873684210526317,2
2.605263157894737,17.394736842105264,2
2.605263157894737,17.91578947368421,2
2.605263157894737,18.43684210526316,2
2.605263157894737,18.957894736842107,2
2.605263157894737,19.478947368421053,2
2.605263157894737,20.0,2
3.1263157894736846,10.1,2
3.1263157894736846,10.621052631578948,2
3.1263157894736846,11.142105263157895,2
3.1263157894736846,11.663157894736841,2
3.1263157894736846,12.18421052631579,2
3.1263157894736846,12.705263157894738,2
3.1263157894736846,13.226315789473684,2
3.1263157894736846,13.74736842105263,2
3.1263157894736846,14.26842105263158,2
3.1263157894736846,14.789473684210527,2
3.1263157894736846,15.310526315789474,2
3.1263157894736846,15.83157894736842,2
3.1263157894736846,16.352631578947367,2
3.1263157894736846,16.873684210526317,2
3.1263157894736846,17.394736842105264,2
3.1263157894736846,17.91578947368421,2
3.1263157894736846,18.43684210526316,2
3.1263157894736846,18.957894736842107,2
3.1263157894736846,19.478947368421053,2
3.1263157894736846,20.0,2
3.647368421052632,10.1,2
3.647368421052632,10.621052631578948,2
3.647368421052632,11.142105263157895,2
3.647368421052632,11.663157894736841,2
3.647368421052632,12.18421052631579,2
3.647368421052632,12.705263157894738,2
3.647368421052632,13.226315789473684,2
3.647368421052632,13.74736842105263,2
3.647368421052632,14.26842105263158,2
3.647368421052632,14.789473684210527,2
3.647368421052632,15.310526315789474,2
3.647368421052632,15.83157894736842,2
3.647368421052632,16.352631578947367,2
3.647368421052632,16.873684210526317,2
3.647368421052632,17.394736842105264,2
3.647368421052632,17.91578947368421,2
3.647368421052632,18.43684210526316,2
3.647368421052632,18.957894736842107,2
3.647368421052632,19.478947368421053,2
3.647368421052632,20.0,2
4.1684210526315795,10.1,2
4.1684210526315795,10.621052631578948,2
4.1684210526315795,11.142105263157895,2
4.1684210526315795,11.663157894736841,2
4.1684210526315795,12.18421052631579,2
4.1684210526315795,12.705263157894738,2
4.1684210526315795,13.226315789473684,2
4.1684210526315795,13.74736842105263,2
4.1684210526315795,14.26842105263158,2
4.1684210526315795,14.789473684210527,2
4.1684210526315795,15.310526315789474,2
4.1684210526315795,15.83157894736842,2
4.1684210526315795,16.352631578947367,2
4.1684210526315795,16.873684210526317,2
4.1684210526315795,17.394736842105264,2
4.1684210526315795,17.91578947368421,2
4.1684210526315795,18.43684210526316,2
4.1684210526315795,18.957894736842107,2
4.1684210526315795,19.478947368421053,2
4.1684210526315795,20.0,2
4.689473684210527,10.1,2
4.689473684210527,10.621052631578948,2
4.689473684210527,11.142105263157895,2
4.689473684210527,11.663157894736841,2
4.689473684210527,12.18421052631579,2
4.689473684210527,12.705263157894738,2
4.689473684210527,13.226315789473684,2
4.689473684210527,13.74736842105263,2
4.689473684210527,14.26842105263158,2
4.689473684210527,14.789473684210527,2
4.689473684210527,15.310526315789474,2
4.689473684210527,15.83157894736842,2
4.689473684210527,16.352631578947367,2
4.689473684210527,16.873684210526317,2
4.689473684210527,17.394736842105264,2
4.689473684210527,17.91578947368421,2
4.689473684210527,18.43684210526316,2
4.689473684210527,18.957894736842107,2
4.689473684210527,19.478947368421053,2
4.689473684210527,20.0,2
5.210526315789474,10.1,2
5.210526315789474,10.621052631578948,2
5.210526315789474,11.142105263157895,2
5.210526315789474,11.663157894736841,2
5.210526315789474,12.18421052631579,2
5.210526315789474,12.705263157894738,2
5.210526315789474,13.226315789473684,2
5.210526315789474,13.74736842105263,2
5.210526315789474,14.26842105263158,2
5.210526315789474,14.789473684210527,2
5.210526315789474,15.310526315789474,2
5.210526315789474,15.83157894736842,2
5.210526315789474,16.352631578947367,2
5.210526315789474,16.873684210526317,2
5.210526315789474,17.394736842105264,2
5.210526315789474,17.91578947368421,2
5.210526315789474,18.43684210526316,2
5.210526315789474,18.957894736842107,2
5.210526315789474,19.478947368421053,2
5.210526315789474,20.0,2
5.731578947368422,10.1,2
5.731578947368422,10.621052631578948,2
5.731578947368422,11.142105263157895,2
5.731578947368422,11.663157894736841,2
5.731578947368422,12.18421052631579,2
5.731578947368422,12.705263157894738,2
5.731578947368422,13.226315789473684,2
5.731578947368422,13.74736842105263,2
5.731578947368422,14.26842105263158,2
5.731578947368422,14.789473684210527,2
5.731578947368422,15.310526315789474,2
5.731578947368422,15.83157894736842,2
5.731578947368422,16.352631578947367,2
5.731578947368422,16.873684210526317,2
5.731578947368422,17.394736842105264,2
5.731578947368422,17.91578947368421,2
5.731578947368422,18.43684210526316,2
5.731578947368422,18.957894736842107,2
5.731578947368422,19.478947368421053,2
5.731578947368422,20.0,2
6.252631578947369,10.1,2
6.252631578947369,10.621052631578948,2
6.252631578947369,11.142105263157895,2
6.252631578947369,11.663157894736841,2
6.252631578947369,12.18421052631579,2
6.252631578947369,12.705263157894738,2
6.252631578947369,13.226315789473684,2
6.252631578947369,13.74736842105263,2
6.252631578947369,14.26842105263158,2
6.252631578947369,14.789473684210527,2
6.252631578947369,15.310526315789474,2
6.252631578947369,15.83157894736842,2
6.252631578947369,16.352631578947367,2
6.252631578947369,16.873684210526317,2
6.252631578947369,17.394736842105264,2
6.252631578947369,17.91578947368421,2
6.252631578947369,18.43684210526316,2
6.252631578947369,18.957894736842107,2
6.252631578947369,19.478947368421053,2
6.252631578947369,20.0,2
6.773684210526317,10.1,2
6.773684210526317,10.621052631578948,2
6.773684210526317,11.142105263157895,2
6.773684210526317,11.663157894736841,2
6.773684210526317,12.18421052631579,2
6.773684210526317,12.705263157894738,2
6.773684210526317,13.226315789473684,2
6.773684210526317,13.74736842105263,2
6.773684210526317,14.26842105263158,2
6.773684210526317,14.789473684210527,2
6.773684210526317,15.310526315789474,2
6.773684210526317,15.83157894736842,2
6.773684210526317,16.352631578947367,2
6.773684210526317,16.873684210526317,2
6.773684210526317,17.394736842105264,2
6.773684210526317,17.91578947368421,2
6.773684210526317,18.43684210526316,2
6.773684210526317,18.957894736842107,2
6.773684210526317,19.478947368421053,2
6.773684210526317,20.0,2
7.294736842105264,10.1,2
7.294736842105264,10.621052631578948,2
7.294736842105264,11.142105263157895,2
7.294736842105264,11.663157894736841,2
7.294736842105264,12.18421052631579,2
7.294736842105264,12.705263157894738,2
7.294736842105264,13.226315789473684,2
7.294736842105264,13.74736842105263,2
7.294736842105264,14.26842105263158,2
7.294736842105264,14.789473684210527,2
7.294736842105264,15.310526315789474,2
7.294736842105264,15.83157894736842,2
7.294736842105264,16.352631578947367,2
7.294736842105264,16.873684210526317,2
7.294736842105264,17.394736842105264,2
7.294736842105264,17.91578947368421,2
7.294736842105264,18.43684210526316,2
7.294736842105264,18.957894736842107,2
7.294736842105264,19.478947368421053,2
7.294736842105264,20.0,2
7.8157894736842115,10.1,2
7.8157894736842115,10.621052631578948,2
7.8157894736842115,11.142105263157895,2
7.8157894736842115,11.663157894736841,2
7.8157894736842115,12.18421052631579,2
7.8157894736842115,12.705263157894738,2
7.8157894736842115,13.226315789473684,2
7.8157894736842115,13.74736842105263,2
7.8157894736842115,14.26842105263158,2
7.8157894736842115,14.789473684210527,2
7.8157894736842115,15.310526315789474,2
7.8157894736842115,15.83157894736842,2
7.8157894736842115,16.352631578947367,2
7.8157894736842115,16.873684210526317,2
7.8157894736842115,17.394736842105264,2
7.8157894736842115,17.91578947368421,2
7.8157894736842115,18.43684210526316,2
7.8157894736842115,18.957894736842107,2
7.8157894736842115,19.478947368421053,2
7.8157894736842115,20.0,2
8.336842105263159,10.1,2
8.336842105263159,10.621052631578948,2
8.336842105263159,11.142105263157895,2
8.336842105263159,11.663157894736841,2
8.336842105263159,12.18421052631579,2
8.336842105263159,12.705263157894738,2
8.336842105263159,13.226315789473684,2
8.336842105263159,13.74736842105263,2
8.336842105263159,14.26842105263158,2
8.336842105263159,14.789473684210527,2
8.336842105263159,15.310526315789474,2
8.336842105263159,15.83157894736842,2
8.336842105263159,16.352631578947367,2
8.336842105263159,16.873684210526317,2
8.336842105263159,17.394736842105264,2
8.336842105263159,17.91578947368421,2
8.336842105263159,18.43684210526316,2
8.336842105263159,18.957894736842107,2
8.336842105263159,19.478947368421053,2
8.336842105263159,20.0,2
8.857894736842105,10.1,2
8.857894736842105,10.621052631578948,2
8.857894736842105,11.142105263157895,2
8.857894736842105,11.663157894736841,2
8.857894736842105,12.18421052631579,2
8.857894736842105,12.705263157894738,2
8.857894736842105,13.226315789473684,2
8.857894736842105,13.74736842105263,2
8.857894736842105,14.26842105263158,2
8.857894736842105,14.789473684210527,2
8.857894736842105,15.310526315789474,2
8.857894736842105,15.83157894736842,2
8.857894736842105,16.352631578947367,2
8.857894736842105,16.873684210526317,2
8.857894736842105,17.394736842105264,2
8.857894736842105,17.91578947368421,2
8.857894736842105,18.43684210526316,2
8.857894736842105,18.957894736842107,2
8.857894736842105,19.478947368421053,2
8.857894736842105,20.0,2
9.378947368421054,10.1,2
9.378947368421054,10.621052631578948,2
9.378947368421054,11.142105263157895,2
9.378947368421054,11.663157894736841,2
9.378947368421054,12.18421052631579,2
9.378947368421054,12.705263157894738,2
9.378947368421054,13.226315789473684,2
9.378947368421054,13.74736842105263,2
9.378947368421054,14.26842105263158,2
9.378947368421054,14.789473684210527,2
9.378947368421054,15.310526315789474,2
9.378947368421054,15.83157894736842,2
9.378947368421054,16.352631578947367,2
9.378947368421054,16.873684210526317,2
9.378947368421054,17.394736842105264,2
9.378947368421054,17.91578947368421,2
9.378947368421054,18.43684210526316,2
9.378947368421054,18.957894736842107,2
9.378947368421054,19.478947368421053,2
9.378947368421054,20.0,2
9.9,10.1,2
9.9,10.621052631578948,2
9.9,11.142105263157895,2
9.9,11.663157894736841,2
9.9,12.18421052631579,2
9.9,12.705263157894738,2
9.9,13.226315789473684,2
9.9,13.74736842105263,2
9.9,14.26842105263158,2
9.9,14.789473684210527,2
9.9,15.310526315789474,2
9.9,15.83157894736842,2
9.9,16.352631578947367,2
9.9,16.873684210526317,2
9.9,17.394736842105264,2
9.9,17.91578947368421,2
9.9,18.43684210526316,2
9.9,18.957894736842107,2
9.9,19.478947368421053,2
9.9,20.0,2
10.1,0.0,3
10.1,0.5210526315789474,3
10.1,1.0421052631578949,3
10.1,1.5631578947368423,3
10.1,2.0842105263157897,3
10.1,2.605263157894737,3
10.1,3.1263157894736846,3
10.1,3.647368421052632,3
10.1,4.1684210526315795,3
10.1,4.689473684210527,3
10.1,5.210526315789474,3
10.1,5.731578947368422,3
10.1,6.252631578947369,3
10.1,6.773684210526317,3
10.1,7.294736842105264,3
10.1,7.8157894736842115,3
10.1,8.336842105263159,3
10.1,8.857894736842105,3
10.1,9.378947368421054,3
10.1,9.9,3
10.621052631578948,0.0,3
10.621052631578948,0.5210526315789474,3
10.621052631578948,1.0421052631578949,3
10.621052631578948,1.5631578947368423,3
10.621052631578948,2.0842105263157897,3
10.621052631578948,2.605263157894737,3
10.621052631578948,3.1263157894736846,3
10.621052631578948,3.647368421052632,3
10.621052631578948,4.1684210526315795,3
10.621052631578948,4.689473684210527,3
10.621052631578948,5.210526315789474,3
10.621052631578948,5.731578947368422,3
10.621052631578948,6.252631578947369,3
10.621052631578948,6.773684210526317,3
10.621052631578948,7.294736842105264,3
10.621052631578948,7.8157894736842115,3
10.621052631578948,8.336842105263159,3
10.621052631578948,8.857894736842105,3
10.621052631578948,9.378947368421054,3
10.621052631578948,9.9,3
11.142105263157895,0.0,3
11.142105263157895,0.5210526315789474,3
11.142105263157895,1.0421052631578949,3
11.142105263157895,1.5631578947368423,3
11.142105263157895,2.0842105263157897,3
11.142105263157895,2.605263157894737,3
11.142105263157895,3.1263157894736846,3
11.142105263157895,3.647368421052632,3
11.142105263157895,4.1684210526315795,3
11.142105263157895,4.689473684210527,3
11.142105263157895,5.210526315789474,3
11.142105263157895,5.731578947368422,3
11.142105263157895,6.252631578947369,3
11.142105263157895,6.773684210526317,3
11.142105263157895,7.294736842105264,3
11.142105263157895,7.8157894736842115,3
11.142105263157895,8.336842105263159,3
11.142105263157895,8.857894736842105,3
11.142105263157895,9.378947368421054,3
11.142105263157895,9.9,3
11.663157894736841,0.0,3
11.663157894736841,0.5210526315789474,3
11.663157894736841,1.0421052631578949,3
11.663157894736841,1.5631578947368423,3
11.663157894736841,2.0842105263157897,3
11.663157894736841,2.605263157894737,3
11.663157894736841,3.1263157894736846,3
11.663157894736841,3.647368421052632,3
11.663157894736841,4.1684210526315795,3
11.663157894736841,4.689473684210527,3
11.663157894736841,5.210526315789474,3
11.663157894736841,5.731578947368422,3
11.663157894736841,6.252631578947369,3
11.663157894736841,6.773684210526317,3
11.663157894736841,7.294736842105264,3
11.663157894736841,7.8157894736842115,3
11.663157894736841,8.336842105263159,3
11.663157894736841,8.857894736842105,3
11.663157894736841,9.378947368421054,3
11.663157894736841,9.9,3
12.18421052631579,0.0,3
12.18421052631579,0.5210526315789474,3
12.18421052631579,1.0421052631578949,3
12.18421052631579,1.5631578947368423,3
12.18421052631579,2.0842105263157897,3
12.18421052631579,2.605263157894737,3
12.18421052631579,3.1263157894736846,3
12.18421052631579,3.647368421052632,3
12.18421052631579,4.1684210526315795,3
12.18421052631579,4.689473684210527,3
12.18421052631579,5.210526315789474,3
12.18421052631579,5.731578947368422,3
12.18421052631579,6.252631578947369,3
12.18421052631579,6.773684210526317,3
12.18421052631579,7.294736842105264,3
12.18421052631579,7.8157894736842115,3
12.18421052631579,8.336842105263159,3
12.18421052631579,8.857894736842105,3
12.18421052631579,9.378947368421054,3
12.18421052631579,9.9,3
12.705263157894738,0.0,3
12.705263157894738,0.5210526315789474,3
12.705263157894738,1.0421052631578949,3
12.705263157894738,1.5631578947368423,3
12.705263157894738,2.0842105263157897,3
12.705263157894738,2.605263157894737,3
12.705263157894738,3.1263157894736846,3
12.705263157894738,3.647368421052632,3
12.705263157894738,4.1684210526315795,3
12.705263157894738,4.689473684210527,3
12.705263157894738,5.210526315789474,3
12.705263157894738,5.731578947368422,3
12.705263157894738,6.252631578947369,3
12.705263157894738,6.773684210526317,3
12.705263157894738,7.294736842105264,3
12.705263157894738,7.8157894736842115,3
12.705263157894738,8.336842105263159,3
12.705263157894738,8.857894736842105,3
12.705263157894738,9.378947368421054,3
12.705263157894738,9.9,3
13.226315789473684,0.0,3
13.226315789473684,0.5210526315789474,3
13.226315789473684,1.0421052631578949,3
13.226315789473684,1.5631578947368423,3
13.226315789473684,2.0842105263157897,3
13.226315789473684,2.605263157894737,3
13.226315789473684,3.1263157894736846,3
13.226315789473684,3.647368421052632,3
13.226315789473684,4.1684210526315795,3
13.226315789473684,4.689473684210527,3
13.226315789473684,5.210526315789474,3
13.226315789473684,5.731578947368422,3
13.226315789473684,6.252631578947369,3
13.226315789473684,6.773684210526317,3
13.226315789473684,7.294736842105264,3
13.226315789473684,7.8157894736842115,3
13.226315789473684,8.336842105263159,3
13.226315789473684,8.857894736842105,3
13.226315789473684,9.378947368421054,3
13.226315789473684,9.9,3
13.74736842105263,0.0,3
13.74736842105263,0.5210526315789474,3
13.74736842105263,1.0421052631578949,3
13.74736842105263,1.5631578947368423,3
13.74736842105263,2.0842105263157897,3
13.74736842105263,2.605263157894737,3
13.74736842105263,3.1263157894736846,3
13.74736842105263,3.647368421052632,3
13.74736842105263,4.1684210526315795,3
13.74736842105263,4.689473684210527,3
13.74736842105263,5.210526315789474,3
13.74736842105263,5.731578947368422,3
13.74736842105263,6.252631578947369,3
13.74736842105263,6.773684210526317,3
13.74736842105263,7.294736842105264,3
13.74736842105263,7.8157894736842115,3
13.74736842105263,8.336842105263159,3
13.74736842105263,8.857894736842105,3
13.74736842105263,9.378947368421054,3
13.74736842105263,9.9,3
14.26842105263158,0.0,3
14.26842105263158,0.5210526315789474,3
14.26842105263158,1.0421052631578949,3
14.26842105263158,1.5631578947368423,3
14.26842105263158,2.0842105263157897,3
14.26842105263158,2.605263157894737,3
14.26842105263158,3.1263157894736846,3
14.26842105263158,3.647368421052632,3
14.26842105263158,4.1684210526315795,3
14.26842105263158,4.689473684210527,3
14.26842105263158,5.210526315789474,3
14.26842105263158,5.731578947368422,3
14.26842105263158,6.252631578947369,3
14.26842105263158,6.773684210526317,3
14.26842105263158,7.294736842105264,3
14.26842105263158,7.8157894736842115,3
14.26842105263158,8.336842105263159,3
14.26842105263158,8.857894736842105,3
14.26842105263158,9.378947368421054,3
14.26842105263158,9.9,3
14.789473684210527,0.0,3
14.789473684210527,0.5210526315789474,3
14.789473684210527,1.0421052631578949,3
14.789473684210527,1.5631578947368423,3
14.789473684210527,2.0842105263157897,3
14.789473684210527,2.605263157894737,3
14.789473684210527,3.1263157894736846,3
14.789473684210527,3.647368421052632,3
14.789473684210527,4.1684210526315795,3
14.789473684210527,4.689473684210527,3
14.789473684210527,5.210526315789474,3
14.789473684210527,5.731578947368422,3
14.789473684210527,6.252631578947369,3
14.789473684210527,6.773684210526317,3
14.789473684210527,7.294736842105264,3
14.789473684210527,7.8157894736842115,3
14.789473684210527,8.336842105263159,3
14.789473684210527,8.857894736842105,3
14.789473684210527,9.378947368421054,3
14.789473684210527,9.9,3
15.310526315789474,0.0,3
15.310526315789474,0.5210526315789474,3
15.310526315789474,1.0421052631578949,3
15.310526315789474,1.5631578947368423,3
15.310526315789474,2.0842105263157897,3
15.310526315789474,2.605263157894737,3
15.310526315789474,3.1263157894736846,3
15.310526315789474,3.647368421052632,3
15.310526315789474,4.1684210526315795,3
15.310526315789474,4.689473684210527,3
15.310526315789474,5.210526315789474,3
15.310526315789474,5.731578947368422,3
15.310526315789474,6.252631578947369,3
15.310526315789474,6.773684210526317,3
15.310526315789474,7.294736842105264,3
15.310526315789474,7.8157894736842115,3
15.310526315789474,8.336842105263159,3
15.310526315789474,8.857894736842105,3
15.310526315789474,9.378947368421054,3
15.310526315789474,9.9,3
15.83157894736842,0.0,3
15.83157894736842,0.5210526315789474,3
15.83157894736842,1.0421052631578949,3
15.83157894736842,1.5631578947368423,3
15.83157894736842,2.0842105263157897,3
15.83157894736842,2.605263157894737,3
15.83157894736842,3.1263157894736846,3
15.83157894736842,3.647368421052632,3
15.83157894736842,4.1684210526315795,3
15.83157894736842,4.689473684210527,3
15.83157894736842,5.210526315789474,3
15.83157894736842,5.731578947368422,3
15.83157894736842,6.252631578947369,3
15.83157894736842,6.773684210526317,3
15.83157894736842,7.294736842105264,3
15.83157894736842,7.8157894736842115,3
15.83157894736842,8.336842105263159,3
15.83157894736842,8.857894736842105,3
15.83157894736842,9.378947368421054,3
15.83157894736842,9.9,3
16.352631578947367,0.0,3
16.352631578947367,0.5210526315789474,3
16.352631578947367,1.0421052631578949,3
16.352631578947367,1.5631578947368423,3
16.352631578947367,2.0842105263157897,3
16.352631578947367,2.605263157894737,3
16.352631578947367,3.1263157894736846,3
16.352631578947367,3.647368421052632,3
16.352631578947367,4.1684210526315795,3
16.352631578947367,4.689473684210527,3
16.352631578947367,5.210526315789474,3
16.352631578947367,5.731578947368422,3
16.352631578947367,6.252631578947369,3
16.352631578947367,6.773684210526317,3
16.352631578947367,7.294736842105264,3
16.352631578947367,7.8157894736842115,3
16.352631578947367,8.336842105263159,3
16.352631578947367,8.857894736842105,3
16.352631578947367,9.378947368421054,3
16.352631578947367,9.9,3
16.873684210526317,0.0,3
16.873684210526317,0.5210526315789474,3
16.873684210526317,1.0421052631578949,3
16.873684210526317,1.5631578947368423,3
16.873684210526317,2.0842105263157897,3
16.873684210526317,2.605263157894737,3
16.873684210526317,3.1263157894736846,3
16.873684210526317,3.647368421052632,3
16.873684210526317,4.1684210526315795,3
16.873684210526317,4.689473684210527,3
16.873684210526317,5.210526315789474,3
16.873684210526317,5.731578947368422,3
16.873684210526317,6.252631578947369,3
16.873684210526317,6.773684210526317,3
16.873684210526317,7.294736842105264,3
16.873684210526317,7.8157894736842115,3
16.873684210526317,8.336842105263159,3
16.873684210526317,8.857894736842105,3
16.873684210526317,9.378947368421054,3
16.873684210526317,9.9,3
17.394736842105264,0.0,3
17.394736842105264,0.5210526315789474,3
17.394736842105264,1.0421052631578949,3
17.394736842105264,1.5631578947368423,3
17.394736842105264,2.0842105263157897,3
17.394736842105264,2.605263157894737,3
17.394736842105264,3.1263157894736846,3
17.394736842105264,3.647368421052632,3
17.394736842105264,4.1684210526315795,3
17.394736842105264,4.689473684210527,3
17.394736842105264,5.210526315789474,3
17.394736842105264,5.731578947368422,3
17.394736842105264,6.252631578947369,3
17.394736842105264,6.773684210526317,3
17.394736842105264,7.294736842105264,3
17.394736842105264,7.8157894736842115,3
17.394736842105264,8.336842105263159,3
17.394736842105264,8.857894736842105,3
17.394736842105264,9.378947368421054,3
17.394736842105264,9.9,3
17.91578947368421,0.0,3
17.91578947368421,0.5210526315789474,3
17.91578947368421,1.0421052631578949,3
17.91578947368421,1.5631578947368423,3
17.91578947368421,2.0842105263157897,3
17.91578947368421,2.605263157894737,3
17.91578947368421,3.1263157894736846,3
17.91578947368421,3.647368421052632,3
17.91578947368421,4.1684210526315795,3
17.91578947368421,4.689473684210527,3
17.91578947368421,5.210526315789474,3
17.91578947368421,5.731578947368422,3
17.91578947368421,6.252631578947369,3
17.91578947368421,6.773684210526317,3
17.91578947368421,7.294736842105264,3
17.91578947368421,7.8157894736842115,3
17.91578947368421,8.336842105263159,3
17.91578947368421,8.857894736842105,3
17.91578947368421,9.378947368421054,3
17.91578947368421,9.9,3
18.43684210526316,0.0,3
18.43684210526316,0.5210526315789474,3
18.43684210526316,1.0421052631578949,3
18.43684210526316,1.5631578947368423,3
18.43684210526316,2.0842105263157897,3
18.43684210526316,2.605263157894737,3
18.43684210526316,3.1263157894736846,3
18.43684210526316,3.647368421052632,3
18.43684210526316,4.1684210526315795,3
18.43684210526316,4.689473684210527,3
18.43684210526316,5.210526315789474,3
18.43684210526316,5.731578947368422,3
18.43684210526316,6.252631578947369,3
18.43684210526316,6.773684210526317,3
18.43684210526316,7.294736842105264,3
18.43684210526316,7.8157894736842115,3
18.43684210526316,8.336842105263159,3
18.43684210526316,8.857894736842105,3
18.43684210526316,9.378947368421054,3
18.43684210526316,9.9,3
18.957894736842107,0.0,3
18.957894736842107,0.5210526315789474,3
18.957894736842107,1.0421052631578949,3
18.957894736842107,1.5631578947368423,3
18.957894736842107,2.0842105263157897,3
18.957894736842107,2.605263157894737,3
18.957894736842107,3.1263157894736846,3
18.957894736842107,3.647368421052632,3
18.957894736842107,4.1684210526315795,3
18.957894736842107,4.689473684210527,3
18.957894736842107,5.210526315789474,3
18.957894736842107,5.731578947368422,3
18.957894736842107,6.252631578947369,3
18.957894736842107,6.773684210526317,3
18.957894736842107,7.294736842105264,3
18.957894736842107,7.8157894736842115,3
18.957894736842107,8.336842105263159,3
18.957894736842107,8.857894736842105,3
18.957894736842107,9.378947368421054,3
18.957894736842107,9.9,3
19.478947368421053,0.0,3
19.478947368421053,0.5210526315789474,3
19.478947368421053,1.0421052631578949,3
19.478947368421053,1.5631578947368423,3
19.478947368421053,2.0842105263157897,3
19.478947368421053,2.605263157894737,3
19.478947368421053,3.1263157894736846,3
19.478947368421053,3.647368421052632,3
19.478947368421053,4.1684210526315795,3
19.478947368421053,4.689473684210527,3
19.478947368421053,5.210526315789474,3
19.478947368421053,5.731578947368422,3
19.478947368421053,6.252631578947369,3
19.478947368421053,6.773684210526317,3
19.478947368421053,7.294736842105264,3
19.478947368421053,7.8157894736842115,3
19.478947368421053,8.336842105263159,3
19.478947368421053,8.857894736842105,3
19.478947368421053,9.378947368421054,3
19.478947368421053,9.9,3
20.0,0.0,3
20.0,0.5210526315789474,3
20.0,1.0421052631578949,3
20.0,1.5631578947368423,3
20.0,2.0842105263157897,3
20.0,2.605263157894737,3
20.0,3.1263157894736846,3
20.0,3.647368421052632,3
20.0,4.1684210526315795,3
20.0,4.689473684210527,3
20.0,5.210526315789474,3
20.0,5.731578947368422,3
20.0,6.252631578947369,3
20.0,6.773684210526317,3
20.0,7.294736842105264,3
20.0,7.8157894736842115,3
20.0,8.336842105263159,3
20.0,8.857894736842105,3
20.0,9.378947368421054,3
20.0,9.9,3
10.1,10.1,4
10.1,10.621052631578948,4
10.1,11.142105263157895,4
10.1,11.663157894736841,4
10.1,12.18421052631579,4
10.1,12.705263157894738,4
10.1,13.226315789473684,4
10.1,13.74736842105263,4
10.1,14.26842105263158,4
10.1,14.789473684210527,4
10.1,15.310526315789474,4
10.1,15.83157894736842,4
10.1,16.352631578947367,4
10.1,16.873684210526317,4
10.1,17.394736842105264,4
10.1,17.91578947368421,4
10.1,18.43684210526316,4
10.1,18.957894736842107,4
10.1,19.478947368421053,4
10.1,20.0,4
10.621052631578948,10.1,4
10.621052631578948,10.621052631578948,4
10.621052631578948,11.142105263157895,4
10.621052631578948,11.663157894736841,4
10.621052631578948,12.18421052631579,4
10.621052631578948,12.705263157894738,4
10.621052631578948,13.226315789473684,4
10.621052631578948,13.74736842105263,4
10.621052631578948,14.26842105263158,4
10.621052631578948,14.789473684210527,4
10.621052631578948,15.310526315789474,4
10.621052631578948,15.83157894736842,4
10.621052631578948,16.352631578947367,4
10.621052631578948,16.873684210526317,4
10.621052631578948,17.394736842105264,4
10.621052631578948,17.91578947368421,4
10.621052631578948,18.43684210526316,4
10.621052631578948,18.957894736842107,4
10.621052631578948,19.478947368421053,4
10.621052631578948,20.0,4
11.142105263157895,10.1,4
11.142105263157895,10.621052631578948,4
11.142105263157895,11.142105263157895,4
11.142105263157895,11.663157894736841,4
11.142105263157895,12.18421052631579,4
11.142105263157895,12.705263157894738,4
11.142105263157895,13.226315789473684,4
11.142105263157895,13.74736842105263,4
11.142105263157895,14.26842105263158,4
11.142105263157895,14.789473684210527,4
11.142105263157895,15.310526315789474,4
11.142105263157895,15.83157894736842,4
11.142105263157895,16.352631578947367,4
11.142105263157895,16.873684210526317,4
11.142105263157895,17.394736842105264,4
11.142105263157895,17.91578947368421,4
11.142105263157895,18.43684210526316,4
11.142105263157895,18.957894736842107,4
11.142105263157895,19.478947368421053,4
11.142105263157895,20.0,4
11.663157894736841,10.1,4
11.663157894736841,10.621052631578948,4
11.663157894736841,11.142105263157895,4
11.663157894736841,11.663157894736841,4
11.663157894736841,12.18421052631579,4
11.663157894736841,12.705263157894738,4
11.663157894736841,13.226315789473684,4
11.663157894736841,13.74736842105263,4
11.663157894736841,14.26842105263158,4
11.663157894736841,14.789473684210527,4
11.663157894736841,15.310526315789474,4
11.663157894736841,15.83157894736842,4
11.663157894736841,16.352631578947367,4
11.663157894736841,16.873684210526317,4
11.663157894736841,17.394736842105264,4
11.663157894736841,17.91578947368421,4
11.663157894736841,18.43684210526316,4
11.663157894736841,18.957894736842107,4
11.663157894736841,19.478947368421053,4
11.663157894736841,20.0,4
12.18421052631579,10.1,4
12.18421052631579,10.621052631578948,4
12.18421052631579,11.142105263157895,4
12.18421052631579,11.663157894736841,4
12.18421052631579,12.18421052631579,4
12.18421052631579,12.705263157894738,4
12.18421052631579,13.226315789473684,4
12.18421052631579,13.74736842105263,4
12.18421052631579,14.26842105263158,4
12.18421052631579,14.789473684210527,4
12.18421052631579,15.310526315789474,4
12.18421052631579,15.83157894736842,4
12.18421052631579,16.352631578947367,4
12.18421052631579,16.873684210526317,4
12.18421052631579,17.394736842105264,4
12.18421052631579,17.91578947368421,4
12.18421052631579,18.43684210526316,4
12.18421052631579,18.957894736842107,4
12.18421052631579,19.478947368421053,4
12.18421052631579,20.0,4
12.705263157894738,10.1,4
12.705263157894738,10.621052631578948,4
12.705263157894738,11.142105263157895,4
12.705263157894738,11.663157894736841,4
12.705263157894738,12.18421052631579,4
12.705263157894738,12.705263157894738,4
12.705263157894738,13.226315789473684,4
12.705263157894738,13.74736842105263,4
12.705263157894738,14.26842105263158,4
12.705263157894738,14.789473684210527,4
12.705263157894738,15.310526315789474,4
12.705263157894738,15.83157894736842,4
12.705263157894738,16.352631578947367,4
12.705263157894738,16.873684210526317,4
12.705263157894738,17.394736842105264,4
12.705263157894738,17.91578947368421,4
12.705263157894738,18.43684210526316,4
12.705263157894738,18.957894736842107,4
12.705263157894738,19.478947368421053,4
12.705263157894738,20.0,4
13.226315789473684,10.1,4
13.226315789473684,10.621052631578948,4
13.226315789473684,11.142105263157895,4
13.226315789473684,11.663157894736841,4
13.226315789473684,12.18421052631579,4
13.226315789473684,12.705263157894738,4
13.226315789473684,13.226315789473684,4
13.226315789473684,13.74736842105263,4
13.226315789473684,14.26842105263158,4
13.226315789473684,14.789473684210527,4
13.226315789473684,15.310526315789474,4
13.226315789473684,15.83157894736842,4
13.226315789473684,16.352631578947367,4
13.226315789473684,16.873684210526317,4
13.226315789473684,17.394736842105264,4
13.226315789473684,17.91578947368421,4
13.226315789473684,18.43684210526316,4
13.226315789473684,18.957894736842107,4
13.226315789473684,19.478947368421053,4
13.226315789473684,20.0,4
13.74736842105263,10.1,4
13.74736842105263,10.621052631578948,4
13.74736842105263,11.142105263157895,4
13.74736842105263,11.663157894736841,4
13.74736842105263,12.18421052631579,4
13.74736842105263,12.705263157894738,4
13.74736842105263,13.226315789473684,4
13.74736842105263,13.74736842105263,4
13.74736842105263,14.26842105263158,4
13.74736842105263,14.789473684210527,4
13.74736842105263,15.310526315789474,4
13.74736842105263,15.83157894736842,4
13.74736842105263,16.352631578947367,4
13.74736842105263,16.873684210526317,4
13.74736842105263,17.394736842105264,4
13.74736842105263,17.91578947368421,4
13.74736842105263,18.43684210526316,4
13.74736842105263,18.957894736842107,4
13.74736842105263,19.478947368421053,4
13.74736842105263,20.0,4
14.26842105263158,10.1,4
14.26842105263158,10.621052631578948,4
14.26842105263158,11.142105263157895,4
14.26842105263158,11.663157894736841,4
14.26842105263158,12.18421052631579,4
14.26842105263158,12.705263157894738,4
14.26842105263158,13.226315789473684,4
14.26842105263158,13.74736842105263,4
14.26842105263158,14.26842105263158,4
14.26842105263158,14.789473684210527,4
14.26842105263158,15.310526315789474,4
14.26842105263158,15.83157894736842,4
14.26842105263158,16.352631578947367,4
14.26842105263158,16.873684210526317,4
14.26842105263158,17.394736842105264,4
14.26842105263158,17.91578947368421,4
14.26842105263158,18.43684210526316,4
14.26842105263158,18.957894736842107,4
14.26842105263158,19.478947368421053,4
14.26842105263158,20.0,4
14.789473684210527,10.1,4
14.789473684210527,10.621052631578948,4
14.789473684210527,11.142105263157895,4
14.789473684210527,11.663157894736841,4
14.789473684210527,12.18421052631579,4
14.789473684210527,12.705263157894738,4
14.789473684210527,13.226315789473684,4
14.789473684210527,13.74736842105263,4
14.789473684210527,14.26842105263158,4
14.789473684210527,14.789473684210527,4
14.789473684210527,15.310526315789474,4
14.789473684210527,15.83157894736842,4
14.789473684210527,16.352631578947367,4
14.789473684210527,16.873684210526317,4
14.789473684210527,17.394736842105264,4
14.789473684210527,17.91578947368421,4
14.789473684210527,18.43684210526316,4
14.789473684210527,18.957894736842107,4
14.789473684210527,19.478947368421053,4
14.789473684210527,20.0,4
15.310526315789474,10.1,4
15.310526315789474,10.621052631578948,4
15.310526315789474,11.142105263157895,4
15.310526315789474,11.663157894736841,4
15.310526315789474,12.18421052631579,4
15.310526315789474,12.705263157894738,4
15.310526315789474,13.226315789473684,4
15.310526315789474,13.74736842105263,4
15.310526315789474,14.26842105263158,4
15.310526315789474,14.789473684210527,4
15.310526315789474,15.310526315789474,4
15.310526315789474,15.83157894736842,4
15.310526315789474,16.352631578947367,4
15.310526315789474,16.873684210526317,4
15.310526315789474,17.394736842105264,4
15.310526315789474,17.91578947368421,4
15.310526315789474,18.43684210526316,4
15.310526315789474,18.957894736842107,4
15.310526315789474,19.478947368421053,4
15.310526315789474,20.0,4
15.83157894736842,10.1,4
15.83157894736842,10.621052631578948,4
15.83157894736842,11.142105263157895,4
15.83157894736842,11.663157894736841,4
15.83157894736842,12.18421052631579,4
15.83157894736842,12.705263157894738,4
15.83157894736842,13.226315789473684,4
15.83157894736842,13.74736842105263,4
15.83157894736842,14.26842105263158,4
15.83157894736842,14.789473684210527,4
15.83157894736842,15.310526315789474,4
15.83157894736842,15.83157894736842,4
15.83157894736842,16.352631578947367,4
15.83157894736842,16.873684210526317,4
15.83157894736842,17.394736842105264,4
15.83157894736842,17.91578947368421,4
15.83157894736842,18.43684210526316,4
15.83157894736842,18.957894736842107,4
15.83157894736842,19.478947368421053,4
15.83157894736842,20.0,4
16.352631578947367,10.1,4
16.352631578947367,10.621052631578948,4
16.352631578947367,11.142105263157895,4
16.352631578947367,11.663157894736841,4
16.352631578947367,12.18421052631579,4
16.352631578947367,12.705263157894738,4
16.352631578947367,13.226315789473684,4
16.352631578947367,13.74736842105263,4
16.352631578947367,14.26842105263158,4
16.352631578947367,14.789473684210527,4
16.352631578947367,15.310526315789474,4
16.352631578947367,15.83157894736842,4
16.352631578947367,16.352631578947367,4
16.352631578947367,16.873684210526317,4
16.352631578947367,17.394736842105264,4
16.352631578947367,17.91578947368421,4
16.352631578947367,18.43684210526316,4
16.352631578947367,18.957894736842107,4
16.352631578947367,19.478947368421053,4
16.352631578947367,20.0,4
16.873684210526317,10.1,4
16.873684210526317,10.621052631578948,4
16.873684210526317,11.142105263157895,4
16.873684210526317,11.663157894736841,4
16.873684210526317,12.18421052631579,4
16.873684210526317,12.705263157894738,4
16.873684210526317,13.226315789473684,4
16.873684210526317,13.74736842105263,4
16.873684210526317,14.26842105263158,4
16.873684210526317,14.789473684210527,4
16.873684210526317,15.310526315789474,4
16.873684210526317,15.83157894736842,4
16.873684210526317,16.352631578947367,4
16.873684210526317,16.873684210526317,4
16.873684210526317,17.394736842105264,4
16.873684210526317,17.91578947368421,4
16.873684210526317,18.43684210526316,4
16.873684210526317,18.957894736842107,4
16.873684210526317,19.478947368421053,4
16.873684210526317,20.0,4
17.394736842105264,10.1,4
17.394736842105264,10.621052631578948,4
17.394736842105264,11.142105263157895,4
17.394736842105264,11.663157894736841,4
17.394736842105264,12.18421052631579,4
17.394736842105264,12.705263157894738,4
17.394736842105264,13.226315789473684,4
17.394736842105264,13.74736842105263,4
17.394736842105264,14.26842105263158,4
17.394736842105264,14.789473684210527,4
17.394736842105264,15.310526315789474,4
17.394736842105264,15.83157894736842,4
17.394736842105264,16.352631578947367,4
17.394736842105264,16.873684210526317,4
17.394736842105264,17.394736842105264,4
17.394736842105264,17.91578947368421,4
17.394736842105264,18.43684210526316,4
17.394736842105264,18.957894736842107,4
17.394736842105264,19.478947368421053,4
17.394736842105264,20.0,4
17.91578947368421,10.1,4
17.91578947368421,10.621052631578948,4
17.91578947368421,11.142105263157895,4
17.91578947368421,11.663157894736841,4
17.91578947368421,12.18421052631579,4
17.91578947368421,12.705263157894738,4
17.91578947368421,13.226315789473684,4
17.91578947368421,13.74736842105263,4
17.91578947368421,14.26842105263158,4
17.91578947368421,14.789473684210527,4
17.91578947368421,15.310526315789474,4
17.91578947368421,15.83157894736842,4
17.91578947368421,16.352631578947367,4
17.91578947368421,16.873684210526317,4
17.91578947368421,17.394736842105264,4
17.91578947368421,17.91578947368421,4
17.91578947368421,18.43684210526316,4
17.91578947368421,18.957894736842107,4
17.91578947368421,19.478947368421053,4
17.91578947368421,20.0,4
18.43684210526316,10.1,4
18.43684210526316,10.621052631578948,4
18.43684210526316,11.142105263157895,4
18.43684210526316,11.663157894736841,4
18.43684210526316,12.18421052631579,4
18.43684210526316,12.705263157894738,4
18.43684210526316,13.226315789473684,4
18.43684210526316,13.74736842105263,4
18.43684210526316,14.26842105263158,4
18.43684210526316,14.789473684210527,4
18.43684210526316,15.310526315789474,4
18.43684210526316,15.83157894736842,4
18.43684210526316,16.352631578947367,4
18.43684210526316,16.873684210526317,4
18.43684210526316,17.394736842105264,4
18.43684210526316,17.91578947368421,4
18.43684210526316,18.43684210526316,4
18.43684210526316,18.957894736842107,4
18.43684210526316,19.478947368421053,4
18.43684210526316,20.0,4
18.957894736842107,10.1,4
18.957894736842107,10.621052631578948,4
18.957894736842107,11.142105263157895,4
18.957894736842107,11.663157894736841,4
18.957894736842107,12.18421052631579,4
18.957894736842107,12.705263157894738,4
18.957894736842107,13.226315789473684,4
18.957894736842107,13.74736842105263,4
18.957894736842107,14.26842105263158,4
18.957894736842107,14.789473684210527,4
18.957894736842107,15.310526315789474,4
18.957894736842107,15.83157894736842,4
18.957894736842107,16.352631578947367,4
18.957894736842107,16.873684210526317,4
18.957894736842107,17.394736842105264,4
18.957894736842107,17.91578947368421,4
18.957894736842107,18.43684210526316,4
18.957894736842107,18.957894736842107,4
18.957894736842107,19.478947368421053,4
18.957894736842107,20.0,4
19.478947368421053,10.1,4
19.478947368421053,10.621052631578948,4
19.478947368421053,11.142105263157895,4
19.478947368421053,11.663157894736841,4
19.478947368421053,12.18421052631579,4
19.478947368421053,12.705263157894738,4
19.478947368421053,13.226315789473684,4
19.478947368421053,13.74736842105263,4
19.478947368421053,14.26842105263158,4
19.478947368421053,14.789473684210527,4
19.478947368421053,15.310526315789474,4
19.478947368421053,15.83157894736842,4
19.478947368421053,16.352631578947367,4
19.478947368421053,16.873684210526317,4
19.478947368421053,17.394736842105264,4
19.478947368421053,17.91578947368421,4
19.478947368421053,18.43684210526316,4
19.478947368421053,18.957894736842107,4
19.478947368421053,19.478947368421053,4
19.478947368421053,20.0,4
20.0,10.1,4
20.0,10.621052631578948,4
20.0,11.142105263157895,4
20.0,11.663157894736841,4
20.0,12.18421052631579,4
20.0,12.705263157894738,4
20.0,13.226315789473684,4
20.0,13.74736842105263,4
20.0,14.26842105263158,4
20.0,14.789473684210527,4
20.0,15.310526315789474,4
20.0,15.83157894736842,4
20.0,16.352631578947367,4
20.0,16.873684210526317,4
20.0,17.394736842105264,4
20.0,17.91578947368421,4
20.0,18.43684210526316,4
20.0,18.957894736842107,4
20.0,19.478947368421053,4
20.0,20.0,4